Id,Date,Time,League,Season,Round,Home,Away,FT_Odd_H,FT_Odd_D,FT_Odd_A,HT_Odd_Over05,HT_Odd_Under05,FT_Odd_Over05,FT_Odd_Under05,FT_Odd_Over15,FT_Odd_Under15,FT_Odd_Over25,FT_Odd_Under25,FT_Odd_Over35,FT_Odd_Under35,FT_Odd_Over45,FT_Odd_Under45,Odd_BTTS_Yes,Odd_BTTS_No
ju0eoYPO,2024-12-25,12:00,EGITO - PREMIER LEAGUE,2024/2025,RODADA 6,Al-Ittihad,Modern Sport,3.05,2.52,2.65,1.65,2.12,1.17,4.5,1.65,2.1,2.95,1.35,5.4,1.12,9.0,1.03,2.25,1.57
AeeVcB9U,2024-12-25,12:00,EGITO - PREMIER LEAGUE,2024/2025,RODADA 6,Ismaily,Haras El Hodood,1.87,2.82,4.75,1.57,2.25,1.13,5.1,1.55,2.3,2.6,1.44,4.7,1.15,8.0,1.05,2.22,1.6
UomNaXvI,2024-12-25,15:00,EGITO - PREMIER LEAGUE,2024/2025,RODADA 6,Pyramids,Pharco,1.42,3.8,7.7,1.42,2.65,1.08,6.5,1.38,2.82,2.1,1.65,3.6,1.25,6.3,1.09,2.35,1.53
Emr4v9Gj,2024-12-26,08:30,ITÁLIA - SERIE B,2024/2025,RODADA 19,Pisa,Sassuolo,3.1,3.1,2.4,1.4,2.75,1.06,9.5,1.29,3.5,2.0,1.85,3.4,1.3,7.0,1.1,1.7,2.05
dYbmKML6,2024-12-26,09:00,SÉRVIA - SUPERLIGA,2024/2025,RODADA 16,IMT Novi Beograd,TSC,2.67,3.25,2.4,1.37,2.85,1.05,7.8,1.25,3.55,1.75,1.95,2.8,1.39,4.75,1.15,1.6,2.18
CWyv65Vi,2024-12-26,09:30,BÉLGICA - LIGA JUPILER,2024/2025,RODADA 20,Antwerp,Genk,2.45,3.6,2.5,1.33,3.25,1.03,15.0,1.2,4.33,1.7,2.1,2.63,1.44,5.0,1.17,1.62,2.2
hQP2pfvg,2024-12-26,09:30,INGLATERRA - PREMIER LEAGUE,2024/2025,RODADA 18,Manchester City,Everton,1.33,5.75,8.0,1.29,3.5,1.03,17.0,1.17,5.0,1.57,2.38,2.38,1.57,4.33,1.22,1.91,1.91
OOnhgv3F,2024-12-26,09:30,ESCÓCIA - PREMIERSHIP,2024/2025,RODADA 19,Hearts,Hibernian,2.15,3.4,3.3,1.36,3.0,1.05,11.0,1.25,4.0,1.85,2.0,3.2,1.36,5.5,1.14,1.7,2.05
zJQDKk6r,2024-12-26,09:30,PAÍS DE GALES - PREMIER LEAGUE,2024/2025,RODADA 20,Barry,Penybont,4.7,3.65,1.62,1.37,2.87,1.05,7.8,1.25,3.55,1.75,1.95,2.8,1.39,4.8,1.15,1.75,1.95
SQrLITze,2024-12-26,09:30,PAÍS DE GALES - PREMIER LEAGUE,2024/2025,RODADA 20,Cardiff Metropolitan,Briton Ferry,1.57,4.0,4.75,1.3,3.2,1.03,9.0,1.19,4.15,1.57,2.25,2.4,1.5,3.95,1.21,1.65,2.1
tbKTzEFL,2024-12-26,10:00,INGLATERRA - LEAGUE ONE (3ª DIVISÃO),2024/2025,RODADA 22,Leyton Orient,Crawley,1.5,4.1,6.0,1.4,2.75,1.06,10.0,1.29,3.5,1.93,1.93,3.25,1.33,6.5,1.11,2.0,1.75
4fY4rIHO,2024-12-26,11:00,ITÁLIA - SERIE B,2024/2025,RODADA 19,Brescia,Modena,2.75,3.0,2.75,1.53,2.38,1.1,7.0,1.44,2.63,2.4,1.53,4.5,1.18,11.0,1.05,2.0,1.75
K68E2L2t,2024-12-26,11:00,ITÁLIA - SERIE B,2024/2025,RODADA 19,Cesena,Cremonese,2.88,3.0,2.63,1.5,2.5,1.08,8.0,1.36,3.0,2.25,1.62,4.0,1.22,9.0,1.07,1.91,1.91
v9OF0aXh,2024-12-26,11:00,ITÁLIA - SERIE B,2024/2025,RODADA 19,Cosenza,Catanzaro,2.4,3.0,3.2,1.5,2.5,1.08,8.0,1.36,3.0,2.2,1.65,4.0,1.22,9.0,1.07,1.91,1.91
nZRNbw25,2024-12-26,11:00,ITÁLIA - SERIE B,2024/2025,RODADA 19,Frosinone,Salernitana,2.2,3.1,3.5,1.5,2.5,1.07,9.0,1.36,3.0,2.2,1.65,4.0,1.22,9.0,1.07,1.95,1.8
SSPj2C8c,2024-12-26,11:00,ITÁLIA - SERIE B,2024/2025,RODADA 19,Reggiana,Juve Stabia,2.6,3.0,2.9,1.57,2.25,1.1,7.0,1.44,2.63,2.5,1.5,5.0,1.17,11.0,1.05,2.05,1.7
d8H7bU7M,2024-12-26,11:00,ITÁLIA - SERIE B,2024/2025,RODADA 19,Spezia,Mantova,1.53,4.1,6.25,1.4,2.75,1.06,10.0,1.29,3.5,1.93,1.93,3.25,1.33,6.5,1.11,1.95,1.8
Sj8wg8Vq,2024-12-26,11:00,ITÁLIA - SERIE B,2024/2025,RODADA 19,Sudtirol,Cittadella,2.2,3.0,3.6,1.62,2.2,1.11,6.5,1.53,2.38,2.7,1.44,5.5,1.14,13.0,1.04,2.2,1.62
ltXTG757,2024-12-26,11:30,PAÍS DE GALES - PREMIER LEAGUE,2024/2025,RODADA 20,Aberystwyth,Bala Town,6.0,4.0,1.47,1.4,2.75,1.06,7.5,1.28,3.35,1.83,1.87,3.0,1.34,5.2,1.13,2.0,1.72
GnPFvBcE,2024-12-26,11:30,PAÍS DE GALES - PREMIER LEAGUE,2024/2025,RODADA 20,Caernarfon,TNS,8.75,5.9,1.23,1.19,4.15,1.02,10.0,1.1,6.0,1.32,3.1,1.78,1.93,2.67,1.42,1.7,2.05
CEIOxkSQ,2024-12-26,11:30,PAÍS DE GALES - PREMIER LEAGUE,2024/2025,RODADA 20,Connah's Q.,Flint,1.53,3.85,5.3,1.36,2.92,1.04,8.25,1.22,3.85,1.65,2.1,2.57,1.44,4.35,1.18,1.75,1.98
8p4fXSkl,2024-12-26,11:30,PAÍS DE GALES - PREMIER LEAGUE,2024/2025,RODADA 20,Newtown,Haverfordwest,3.65,3.4,1.88,1.4,2.7,1.07,7.0,1.33,3.05,1.95,1.75,3.3,1.29,5.8,1.1,1.85,1.87
8pjEkpoB,2024-12-26,12:00,BÉLGICA - LIGA JUPILER,2024/2025,RODADA 20,Club Brugge,Westerlo,1.27,5.75,7.5,1.22,4.0,1.01,23.0,1.11,6.5,1.4,2.88,1.91,1.8,3.25,1.33,1.7,2.05
8bVn4q04,2024-12-26,12:00,BÉLGICA - LIGA JUPILER,2024/2025,RODADA 20,Kortrijk,Charleroi,3.2,3.4,2.1,1.4,2.75,1.05,11.0,1.29,3.5,1.98,1.88,3.4,1.3,6.5,1.11,1.75,2.0
MLqF1gA5,2024-12-26,12:00,EGITO - PREMIER LEAGUE,2024/2025,RODADA 6,National Bank Egypt,Ceramica Cleopatra,2.82,2.7,2.67,1.52,2.37,1.09,6.2,1.35,2.92,2.05,1.7,3.4,1.28,5.9,1.1,1.7,2.05
UaSeEWgB,2024-12-26,12:00,EGITO - PREMIER LEAGUE,2024/2025,RODADA 6,Smouha,Ghazl El Mahallah,1.6,3.3,5.9,1.47,2.52,1.1,5.9,1.42,2.65,2.25,1.57,3.9,1.21,6.8,1.07,2.2,1.6
I7BKXGfm,2024-12-26,12:00,INGLATERRA - PREMIER LEAGUE,2024/2025,RODADA 18,Bournemouth,Crystal Palace,1.9,3.8,3.8,1.33,3.25,1.04,13.0,1.22,4.33,1.67,2.2,2.75,1.44,5.0,1.17,1.62,2.2
rFdpSCOO,2024-12-26,12:00,INGLATERRA - PREMIER LEAGUE,2024/2025,RODADA 18,Chelsea,Fulham,1.45,5.0,5.75,1.25,3.75,1.02,19.0,1.14,5.5,1.44,2.75,2.1,1.73,3.5,1.3,1.62,2.2
0jTArY85,2024-12-26,12:00,INGLATERRA - PREMIER LEAGUE,2024/2025,RODADA 18,Newcastle,Aston Villa,1.91,3.8,3.75,1.3,3.4,1.03,15.0,1.17,5.0,1.57,2.38,2.38,1.57,4.33,1.22,1.53,2.38
dIMJtCwI,2024-12-26,12:00,INGLATERRA - PREMIER LEAGUE,2024/2025,RODADA 18,Nottingham,Tottenham,2.3,3.75,2.88,1.25,3.75,1.03,17.0,1.14,5.5,1.5,2.63,2.1,1.73,3.75,1.29,1.44,2.63
S4qiO3Nj,2024-12-26,12:00,INGLATERRA - PREMIER LEAGUE,2024/2025,RODADA 18,Southampton,West Ham,3.25,3.5,2.2,1.3,3.4,1.03,15.0,1.2,4.5,1.67,2.2,2.63,1.5,4.5,1.2,1.53,2.38
dSL0Utek,2024-12-26,12:00,INGLATERRA - CHAMPIONSHIP,2024/2025,RODADA 23,Blackburn,Sunderland,2.8,3.25,2.5,1.44,2.63,1.08,8.0,1.4,3.0,2.2,1.67,4.0,1.25,8.0,1.08,1.83,1.83
hfF9SKP1,2024-12-26,12:00,INGLATERRA - CHAMPIONSHIP,2024/2025,RODADA 23,Bristol City,Luton,2.2,3.4,3.2,1.44,2.63,1.06,10.0,1.33,3.4,2.0,1.8,3.75,1.29,7.0,1.1,1.8,1.91
K07ejOH8,2024-12-26,12:00,INGLATERRA - CHAMPIONSHIP,2024/2025,RODADA 23,Coventry,Plymouth,1.33,5.75,7.5,1.25,3.75,1.02,19.0,1.14,5.5,1.44,2.75,2.2,1.67,3.75,1.29,1.8,1.91
Q5IyWgWg,2024-12-26,12:00,INGLATERRA - CHAMPIONSHIP,2024/2025,RODADA 23,Middlesbrough,Sheffield Wednesday,1.7,3.8,4.75,1.33,3.25,1.04,13.0,1.22,4.33,1.73,2.1,2.75,1.44,5.0,1.17,1.73,2.0
MXBpUX06,2024-12-26,12:00,INGLATERRA - CHAMPIONSHIP,2024/2025,RODADA 23,Norwich,Millwall,2.15,3.2,3.5,1.44,2.63,1.07,9.0,1.36,3.2,2.1,1.73,4.0,1.25,8.0,1.08,1.83,1.83
EoBEcqJb,2024-12-26,12:00,INGLATERRA - CHAMPIONSHIP,2024/2025,RODADA 23,Oxford Utd,Cardiff,2.75,3.1,2.63,1.44,2.63,1.07,9.0,1.36,3.2,2.1,1.73,4.0,1.25,8.0,1.08,1.83,1.83
foAhSBVI,2024-12-26,12:00,INGLATERRA - CHAMPIONSHIP,2024/2025,RODADA 23,Preston,Hull,2.25,3.3,3.2,1.44,2.63,1.07,9.0,1.36,3.2,2.1,1.73,4.0,1.25,8.0,1.08,1.83,1.83
AghujFNP,2024-12-26,12:00,INGLATERRA - CHAMPIONSHIP,2024/2025,RODADA 23,Sheffield Utd,Burnley,2.4,3.2,3.0,1.53,2.38,1.1,7.0,1.44,2.75,2.38,1.57,4.5,1.2,10.0,1.06,2.0,1.73
na9MeNmB,2024-12-26,12:00,INGLATERRA - CHAMPIONSHIP,2024/2025,RODADA 23,Swansea,QPR,1.9,3.4,4.2,1.44,2.63,1.07,9.0,1.36,3.2,2.1,1.73,4.0,1.25,8.0,1.08,1.91,1.8
nZoJrXFa,2024-12-26,12:00,INGLATERRA - CHAMPIONSHIP,2024/2025,RODADA 23,Watford,Portsmouth,1.8,3.6,4.33,1.36,3.0,1.05,11.0,1.25,4.0,1.83,2.03,3.0,1.4,5.5,1.14,1.73,2.0
8hvgOzWF,2024-12-26,12:00,INGLATERRA - LEAGUE ONE (3ª DIVISÃO),2024/2025,RODADA 22,Birmingham,Burton,1.2,6.5,11.0,1.29,3.5,1.02,17.0,1.13,5.0,1.57,2.35,2.37,1.5,4.33,1.17,2.25,1.57
SfffME0S,2024-12-26,12:00,INGLATERRA - LEAGUE ONE (3ª DIVISÃO),2024/2025,RODADA 22,Bolton,Barnsley,1.95,3.75,3.4,1.33,3.25,1.03,15.0,1.2,4.33,1.67,2.15,2.63,1.44,5.0,1.17,1.62,2.2
bwoQGhOk,2024-12-26,12:00,INGLATERRA - LEAGUE ONE (3ª DIVISÃO),2024/2025,RODADA 22,Charlton,Cambridge Utd,1.57,4.0,5.5,1.4,2.75,1.05,11.0,1.3,3.4,2.03,1.83,3.5,1.29,7.0,1.1,2.0,1.75
KhZYEWh2,2024-12-26,12:00,INGLATERRA - LEAGUE ONE (3ª DIVISÃO),2024/2025,RODADA 22,Exeter,Bristol Rovers,1.8,3.6,4.33,1.44,2.63,1.07,9.0,1.33,3.25,2.05,1.75,3.75,1.25,8.0,1.08,1.95,1.8
naRKxzo9,2024-12-26,12:00,INGLATERRA - LEAGUE ONE (3ª DIVISÃO),2024/2025,RODADA 22,Huddersfield,Stockport,2.15,3.3,3.3,1.4,2.75,1.06,10.0,1.3,3.4,2.03,1.83,3.5,1.29,7.0,1.1,1.8,1.95
xU5aViwq,2024-12-26,12:00,INGLATERRA - LEAGUE ONE (3ª DIVISÃO),2024/2025,RODADA 22,Peterborough,Mansfield,2.2,3.75,2.88,1.3,3.4,1.03,17.0,1.17,5.0,1.57,2.35,2.38,1.53,4.0,1.22,1.5,2.5
Yea8TV7e,2024-12-26,12:00,INGLATERRA - LEAGUE ONE (3ª DIVISÃO),2024/2025,RODADA 22,Reading,Northampton,1.8,3.8,4.0,1.33,3.25,1.04,13.0,1.22,4.0,1.7,2.1,2.63,1.44,5.0,1.17,1.67,2.1
tM2GR9x8,2024-12-26,12:00,INGLATERRA - LEAGUE ONE (3ª DIVISÃO),2024/2025,RODADA 22,Rotherham,Wigan,2.1,3.2,3.5,1.5,2.5,1.07,9.0,1.36,3.0,2.15,1.67,4.0,1.22,9.0,1.07,1.95,1.8
OpS0ZLeE,2024-12-26,12:00,INGLATERRA - LEAGUE ONE (3ª DIVISÃO),2024/2025,RODADA 22,Shrewsbury,Lincoln,4.2,3.6,1.8,1.44,2.63,1.06,9.5,1.3,3.4,2.05,1.8,3.5,1.29,7.0,1.1,1.95,1.8
2sGg61Gq,2024-12-26,12:00,INGLATERRA - LEAGUE TWO (4ª DIVISÃO),2024/2025,RODADA 22,Bradford City,Port Vale,2.2,3.4,3.2,1.44,2.63,1.07,8.5,1.36,3.0,2.15,1.67,4.0,1.22,9.0,1.07,1.83,1.83
QBJbtrHd,2024-12-26,12:00,INGLATERRA - LEAGUE TWO (4ª DIVISÃO),2024/2025,RODADA 22,Bromley,Newport,1.62,3.9,5.0,1.33,3.25,1.04,13.0,1.2,4.33,1.67,2.15,2.63,1.44,5.0,1.17,1.73,2.0
dt924uod,2024-12-26,12:00,INGLATERRA - LEAGUE TWO (4ª DIVISÃO),2024/2025,RODADA 22,Carlisle,Morecambe,1.85,3.5,4.1,1.4,2.75,1.05,11.0,1.29,3.5,1.93,1.93,3.25,1.33,6.5,1.11,1.73,2.0
lzdlSrw3,2024-12-26,12:00,INGLATERRA - LEAGUE TWO (4ª DIVISÃO),2024/2025,RODADA 22,Cheltenham,Crewe,2.7,3.3,2.5,1.5,2.5,1.07,9.0,1.4,2.75,2.2,1.65,4.0,1.22,9.0,1.07,1.91,1.8
p2kcQM7F,2024-12-26,12:00,INGLATERRA - LEAGUE TWO (4ª DIVISÃO),2024/2025,RODADA 22,Colchester,Gillingham FC,1.91,3.4,3.9,1.5,2.5,1.07,8.5,1.36,3.0,2.2,1.65,4.0,1.22,9.0,1.07,2.0,1.73
hSh5O0xS,2024-12-26,12:00,INGLATERRA - LEAGUE TWO (4ª DIVISÃO),2024/2025,RODADA 22,Fleetwood,Chesterfield,2.6,3.4,2.55,1.36,3.0,1.04,12.0,1.22,4.0,1.8,2.0,2.75,1.4,5.5,1.14,1.62,2.2
x0UyJv0k,2024-12-26,12:00,INGLATERRA - LEAGUE TWO (4ª DIVISÃO),2024/2025,RODADA 22,Grimsby,Harrogate,1.67,3.8,4.75,1.4,2.75,1.05,11.0,1.25,3.75,1.9,1.95,3.25,1.33,6.5,1.11,1.83,1.83
OGSqHIU1,2024-12-26,12:00,INGLATERRA - LEAGUE TWO (4ª DIVISÃO),2024/2025,RODADA 22,Milton Keynes,Notts County,2.3,3.6,2.8,1.33,3.25,1.03,15.0,1.2,4.33,1.67,2.15,2.63,1.44,5.0,1.17,1.57,2.25
vPAWvMM8,2024-12-26,12:00,INGLATERRA - LEAGUE TWO (4ª DIVISÃO),2024/2025,RODADA 22,Salford,Barrow,2.1,3.4,3.3,1.5,2.5,1.07,8.5,1.4,2.75,2.2,1.65,4.0,1.22,9.0,1.07,2.0,1.73
Cx9vw0iL,2024-12-26,12:00,INGLATERRA - LEAGUE TWO (4ª DIVISÃO),2024/2025,RODADA 22,Tranmere,Accrington,2.4,3.5,2.7,1.4,2.75,1.05,11.0,1.29,3.5,1.95,1.9,3.4,1.3,6.5,1.11,1.73,2.0
d2CSRAXa,2024-12-26,12:00,IRLANDA DO NORTE - PREMIERSHIP,2024/2025,RODADA 23,Coleraine,Ballymena,1.83,3.6,3.9,1.42,2.65,1.06,7.3,1.3,3.2,1.9,1.8,3.15,1.31,5.5,1.11,1.82,1.88
2FsTPl2C,2024-12-26,12:00,IRLANDA DO NORTE - PREMIERSHIP,2024/2025,RODADA 23,Crusaders,Cliftonville,2.95,3.3,2.27,1.42,2.67,1.06,7.3,1.29,3.25,1.87,1.83,3.05,1.33,5.3,1.12,1.7,2.02
AuoyOSWO,2024-12-26,12:00,IRLANDA DO NORTE - PREMIERSHIP,2024/2025,RODADA 23,Dungannon,Loughgall,1.5,4.3,5.5,1.33,3.05,1.04,8.5,1.22,3.9,1.65,2.1,2.57,1.45,4.3,1.18,1.8,1.91
EgBorWHt,2024-12-26,12:00,IRLANDA DO NORTE - PREMIERSHIP,2024/2025,RODADA 23,Glenavon,Portadown,2.4,3.45,2.67,1.42,2.67,1.06,7.4,1.3,3.2,1.88,1.82,3.15,1.31,5.4,1.12,1.75,1.98
MJEgtAng,2024-12-26,12:00,IRLANDA DO NORTE - PREMIERSHIP,2024/2025,RODADA 23,Glentoran,Linfield,3.05,3.15,2.32,1.4,2.72,1.08,6.6,1.36,2.9,2.05,1.7,3.5,1.26,6.1,1.09,1.8,1.9
GI72vlH5,2024-12-26,12:00,IRLANDA DO NORTE - PREMIERSHIP,2024/2025,RODADA 23,Larne,C. Rangers,1.53,4.0,5.7,1.37,2.85,1.05,7.8,1.26,3.5,1.78,1.93,2.85,1.37,4.9,1.14,1.87,1.83
Kjt1iIXR,2024-12-26,12:00,ESCÓCIA - PREMIERSHIP,2024/2025,RODADA 19,Celtic,Motherwell,1.11,10.0,17.0,1.18,4.5,1.01,26.0,1.08,8.0,1.29,3.75,1.73,2.1,2.63,1.5,2.05,1.7
l6WWodek,2024-12-26,12:00,ESCÓCIA - PREMIERSHIP,2024/2025,RODADA 19,Dundee FC,Ross County,1.85,3.6,4.1,1.36,3.0,1.05,11.0,1.29,3.75,1.88,1.98,3.2,1.36,6.0,1.13,1.75,2.0
ALKupzQ1,2024-12-26,12:00,ESCÓCIA - PREMIERSHIP,2024/2025,RODADA 19,Kilmarnock,Aberdeen,2.5,3.3,2.75,1.4,2.75,1.06,10.0,1.33,3.4,2.03,1.83,3.5,1.3,6.5,1.11,1.75,2.0
xSCR7wI8,2024-12-26,12:00,ESCÓCIA - PREMIERSHIP,2024/2025,RODADA 19,St. Johnstone,Dundee Utd,2.8,3.3,2.5,1.44,2.63,1.06,9.5,1.33,3.4,2.0,1.8,3.75,1.29,7.0,1.1,1.8,1.95
8lGWdHWH,2024-12-26,14:00,ITÁLIA - SERIE B,2024/2025,RODADA 19,Palermo,Bari,1.95,3.3,4.1,1.4,2.75,1.07,9.0,1.33,3.25,2.05,1.75,3.5,1.29,8.0,1.08,1.91,1.91
bm8LqFEk,2024-12-26,14:30,BÉLGICA - LIGA JUPILER,2024/2025,RODADA 20,KV Mechelen,St. Liege,1.73,3.6,4.33,1.4,2.75,1.05,11.0,1.29,3.5,1.93,1.93,3.25,1.33,6.5,1.11,1.8,1.95
hb3Vo7Fc,2024-12-26,14:30,INGLATERRA - PREMIER LEAGUE,2024/2025,RODADA 18,Wolverhampton,Manchester Utd,3.9,3.7,1.91,1.33,3.25,1.04,13.0,1.2,4.5,1.67,2.2,2.63,1.5,5.0,1.17,1.62,2.2
Yg6z6HnL,2024-12-26,14:45,ESCÓCIA - PREMIERSHIP,2024/2025,RODADA 19,St. Mirren,Rangers,7.5,4.75,1.4,1.33,3.25,1.04,13.0,1.22,4.33,1.73,2.1,2.75,1.44,5.0,1.17,1.95,1.8
MZOmGhPb,2024-12-26,15:00,EGITO - PREMIER LEAGUE,2024/2025,RODADA 6,Al Masry,Al Ahly,4.5,3.0,1.83,1.5,2.42,1.1,5.7,1.45,2.55,2.35,1.53,4.15,1.19,7.2,1.06,2.1,1.65
Q7VvIEfn,2024-12-26,15:00,EGITO - PREMIER LEAGUE,2024/2025,RODADA 6,Petrojet,El Gounah,2.2,2.52,4.0,1.62,2.15,1.16,4.6,1.62,2.18,2.8,1.39,5.1,1.13,8.5,1.04,2.18,1.62
0tOb0jwA,2024-12-26,16:30,ITÁLIA - SERIE B,2024/2025,RODADA 19,Sampdoria,Carrarese,1.8,3.5,4.5,1.44,2.63,1.07,9.0,1.33,3.25,2.05,1.75,3.75,1.25,8.0,1.08,1.95,1.8
pQqhr2wo,2024-12-26,16:45,BÉLGICA - LIGA JUPILER,2024/2025,RODADA 20,Gent,Royale Union SG,3.2,3.5,2.0,1.36,3.0,1.04,13.0,1.22,4.0,1.8,2.0,3.0,1.36,5.5,1.14,1.67,2.1
WAyfnG9t,2024-12-26,17:00,INGLATERRA - PREMIER LEAGUE,2024/2025,RODADA 18,Liverpool,Leicester,1.09,11.0,23.0,1.14,5.5,1.01,29.0,1.06,10.0,1.22,4.33,1.57,2.38,2.2,1.67,2.0,1.75
S8JtpTlg,2024-12-27,05:35,AUSTRÁLIA - A-LEAGUE,2024/2025,RODADA 10,Adelaide United,WS Wanderers,1.7,4.5,4.1,1.2,4.33,1.01,26.0,1.11,6.5,1.36,3.2,1.91,1.91,3.2,1.36,1.4,2.75
lO7kr7J5,2024-12-27,08:45,AUSTRÁLIA - A-LEAGUE,2024/2025,RODADA 10,Perth Glory,Macarthur FC,4.0,4.1,1.8,1.25,3.75,1.02,19.0,1.17,5.0,1.5,2.63,2.3,1.62,4.0,1.25,1.5,2.5
tCTf2NUG,2024-12-27,14:30,BÉLGICA - LIGA JUPILER,2024/2025,RODADA 20,Leuven,Beerschot VA,1.62,3.75,4.75,1.36,3.0,1.05,11.0,1.29,3.5,1.93,1.93,3.25,1.33,6.5,1.11,1.91,1.91
nm3yUYgC,2024-12-27,16:30,INGLATERRA - PREMIER LEAGUE,2024/2025,RODADA 18,Brighton,Brentford,1.65,4.33,4.5,1.25,3.75,1.02,19.0,1.14,5.5,1.44,2.75,2.2,1.67,3.75,1.29,1.5,2.5
0h8LmOFN,2024-12-27,16:45,BÉLGICA - LIGA JUPILER,2024/2025,RODADA 20,Anderlecht,Dender,1.4,4.5,6.5,1.33,3.25,1.04,13.0,1.2,4.33,1.67,2.15,2.63,1.44,5.0,1.17,1.95,1.8
6DBTsgq2,2024-12-27,16:45,BÉLGICA - LIGA JUPILER,2024/2025,RODADA 20,St. Truiden,Cercle Brugge,2.4,3.4,2.6,1.33,3.25,1.04,13.0,1.22,4.0,1.8,2.0,3.0,1.36,5.5,1.14,1.62,2.2
OMooDxlB,2024-12-27,16:45,ESCÓCIA - CHAMPIONSHIP,2024/2025,RODADA 19,Dunfermline,Falkirk,3.7,3.6,1.75,1.4,2.75,1.03,10.0,1.3,3.4,2.03,1.83,3.5,1.29,6.5,1.1,1.91,1.8
EZ4TVfPa,2024-12-27,17:15,INGLATERRA - PREMIER LEAGUE,2024/2025,RODADA 18,Arsenal,Ipswich,1.11,10.0,19.0,1.2,4.33,1.01,23.0,1.11,6.5,1.36,3.2,1.91,1.91,3.2,1.36,2.1,1.67
M97esMwf,2024-12-27,17:15,PORTUGAL - LIGA PORTUGAL,2024/2025,RODADA 16,Arouca,Gil Vicente,2.3,3.2,3.2,1.5,2.5,1.08,7.5,1.4,2.75,2.3,1.6,4.33,1.2,10.0,1.06,1.95,1.8
EZCwiWxH,2024-12-28,01:00,AUSTRÁLIA - A-LEAGUE,2024/2025,RODADA 10,Wellington Phoenix,Newcastle Jets,1.83,3.8,4.2,1.36,3.0,1.04,12.0,1.25,4.0,1.83,2.03,3.0,1.4,5.5,1.14,1.75,2.0
zk1nkA7T,2024-12-28,03:00,AUSTRÁLIA - A-LEAGUE,2024/2025,RODADA 10,Central Coast Mariners,Auckland FC,3.2,3.4,2.25,1.4,2.75,1.06,10.0,1.3,3.5,2.0,1.85,3.4,1.33,6.5,1.11,1.75,2.0
dlBctolI,2024-12-28,05:35,AUSTRÁLIA - A-LEAGUE,2024/2025,RODADA 10,Sydney FC,Melbourne Victory,2.5,3.75,2.6,1.3,3.4,1.03,15.0,1.17,5.0,1.57,2.38,2.5,1.53,4.33,1.22,1.5,2.5
W6ifIQng,2024-12-28,11:00,ITÁLIA - SERIE A,2024/2025,RODADA 18,Empoli,Genoa,2.5,2.9,3.2,1.57,2.25,1.11,6.5,1.53,2.5,2.63,1.5,5.0,1.17,11.0,1.05,2.1,1.67
6P5xV3Wb,2024-12-28,11:00,ITÁLIA - SERIE A,2024/2025,RODADA 18,Parma,Monza,2.2,3.5,3.2,1.33,3.25,1.04,13.0,1.22,4.33,1.73,2.1,2.75,1.44,5.0,1.17,1.62,2.2
GdrwFbJb,2024-12-28,12:00,ESCÓCIA - CHAMPIONSHIP,2024/2025,RODADA 19,Ayr,Morton,1.55,4.0,4.5,1.44,2.63,1.03,9.5,1.33,3.25,2.05,1.75,3.75,1.25,7.0,1.08,2.2,1.62
pxzfBGIN,2024-12-28,12:00,ESCÓCIA - CHAMPIONSHIP,2024/2025,RODADA 19,Hamilton,Airdrieonians,1.83,3.5,3.4,1.36,3.0,1.02,12.0,1.25,3.75,1.83,2.03,3.0,1.36,5.0,1.14,1.73,2.0
fBLP5fto,2024-12-28,12:00,ESCÓCIA - CHAMPIONSHIP,2024/2025,RODADA 19,Partick,Queen's Park,1.73,3.9,3.6,1.4,2.75,1.02,11.0,1.29,3.5,1.93,1.93,3.25,1.33,6.0,1.11,1.83,1.83
AJ3CTcYi,2024-12-28,12:00,ESCÓCIA - CHAMPIONSHIP,2024/2025,RODADA 19,Raith,Livingston,2.8,3.2,2.25,1.53,2.38,1.08,7.0,1.44,2.63,2.35,1.57,4.33,1.2,8.0,1.06,2.1,1.67
2FVKKR0s,2024-12-28,12:00,ESCÓCIA - LEAGUE ONE (3ª DIVISÃO),2024/2025,RODADA 19,Alloa,Stenhousemuir,2.2,3.5,2.88,1.4,2.75,1.03,10.0,1.3,3.4,2.0,1.85,3.4,1.3,6.5,1.1,1.8,1.91
OUJTI5Vg,2024-12-28,12:00,ESCÓCIA - LEAGUE ONE (3ª DIVISÃO),2024/2025,RODADA 19,Arbroath,Montrose,2.0,3.2,3.6,1.44,2.63,1.05,8.5,1.36,3.0,2.1,1.7,3.75,1.25,7.0,1.08,1.91,1.8
WfNyHq06,2024-12-28,12:00,ESCÓCIA - LEAGUE ONE (3ª DIVISÃO),2024/2025,RODADA 19,Dumbarton,Kelty Hearts,2.55,3.4,2.5,1.33,3.25,1.01,13.0,1.22,4.0,1.7,2.1,2.63,1.44,4.5,1.17,1.62,2.2
QgGpFNUI,2024-12-28,12:00,ESCÓCIA - LEAGUE ONE (3ª DIVISÃO),2024/2025,RODADA 19,Inverness,Cove Rangers,1.83,3.4,4.0,1.44,2.63,1.05,8.5,1.33,3.25,2.08,1.73,3.75,1.25,7.0,1.08,1.91,1.8
GMReMvxn,2024-12-28,12:00,ESCÓCIA - LEAGUE ONE (3ª DIVISÃO),2024/2025,RODADA 19,Queen of South,Annan,1.91,3.6,3.5,1.4,2.75,1.03,10.0,1.3,3.4,2.03,1.83,3.5,1.29,6.5,1.1,1.83,1.83
UBSGl4oK,2024-12-28,12:30,PORTUGAL - LIGA PORTUGAL,2024/2025,RODADA 16,AVS,Estrela da Amadora,2.45,3.0,3.1,1.53,2.38,1.08,8.0,1.4,2.75,2.3,1.6,4.33,1.2,10.0,1.06,1.95,1.8
0E5rDVAD,2024-12-28,14:00,ITÁLIA - SERIE A,2024/2025,RODADA 18,Cagliari,Inter,6.0,5.0,1.44,1.3,3.4,1.03,17.0,1.2,4.5,1.62,2.3,2.63,1.5,4.5,1.2,1.8,1.95
jkaCwvwJ,2024-12-28,15:00,PORTUGAL - LIGA PORTUGAL,2024/2025,RODADA 16,Estoril,Moreirense,3.25,3.0,2.4,1.53,2.38,1.1,7.0,1.44,2.63,2.4,1.53,4.5,1.18,11.0,1.05,2.0,1.75
0nqBErnI,2024-12-28,16:45,ITÁLIA - SERIE A,2024/2025,RODADA 18,Lazio,Atalanta,2.8,3.3,2.45,1.36,3.0,1.05,11.0,1.29,3.75,1.9,2.0,3.2,1.36,6.0,1.13,1.67,2.1
zgqEUrfl,2024-12-28,17:30,PORTUGAL - LIGA PORTUGAL,2024/2025,RODADA 16,Porto,Boavista,1.14,9.0,15.0,1.22,4.0,1.02,19.0,1.13,6.0,1.44,2.7,2.0,1.73,3.5,1.29,2.38,1.53
jkTVNxYj,2024-12-29,03:00,AUSTRÁLIA - A-LEAGUE,2024/2025,RODADA 10,Western United,Brisbane Roar,1.91,4.0,3.6,1.25,3.75,1.03,17.0,1.14,5.5,1.5,2.63,2.2,1.67,3.75,1.29,1.44,2.63
MLXNvG4k,2024-12-29,08:00,PORTUGAL - LIGA PORTUGAL 2,2024/2025,RODADA 16,Penafiel,Benfica B,2.6,3.25,2.63,1.4,2.75,1.06,10.0,1.29,3.5,2.0,1.85,3.4,1.3,7.0,1.1,1.73,2.0
Ek9pTs1B,2024-12-29,08:30,ITÁLIA - SERIE A,2024/2025,RODADA 18,Udinese,Torino,2.2,3.1,3.5,1.57,2.25,1.1,7.0,1.5,2.63,2.63,1.5,5.0,1.17,11.0,1.05,2.1,1.67
AcCTWP1n,2024-12-29,11:00,ITÁLIA - SERIE A,2024/2025,RODADA 18,Napoli,Venezia,1.29,5.5,11.0,1.3,3.4,1.04,13.0,1.2,4.5,1.62,2.3,2.63,1.5,4.5,1.2,2.05,1.7
dzIsapj4,2024-12-29,11:00,PORTUGAL - LIGA PORTUGAL 2,2024/2025,RODADA 16,Mafra,Feirense,2.4,3.2,3.0,1.5,2.5,1.08,7.5,1.4,2.75,2.3,1.6,4.33,1.2,10.0,1.06,2.0,1.73
UPi60eAr,2024-12-29,12:00,ESCÓCIA - PREMIERSHIP,2024/2025,RODADA 20,Celtic,St. Johnstone,1.09,8.8,21.0,,,,,,,,,,,,,,
r3QEdD97,2024-12-29,12:00,ESCÓCIA - PREMIERSHIP,2024/2025,RODADA 20,Hibernian,Kilmarnock,1.96,3.7,3.41,,,,,,,,,,,,,,
Ob31KG1E,2024-12-29,12:00,ESCÓCIA - PREMIERSHIP,2024/2025,RODADA 20,Motherwell,Rangers,8.4,4.9,1.33,,,,,,,,,,,,,,
Eq4mqr9s,2024-12-29,12:30,PORTUGAL - LIGA PORTUGAL,2024/2025,RODADA 16,Farense,Vitória de Guimarães,4.33,3.5,1.83,1.44,2.63,1.06,10.0,1.33,3.25,2.1,1.7,3.75,1.25,8.0,1.08,1.95,1.8
86sMSMO0,2024-12-29,12:30,PORTUGAL - LIGA PORTUGAL,2024/2025,RODADA 16,Rio Ave,Nacional,2.2,3.1,3.5,1.44,2.63,1.07,8.5,1.33,3.25,2.1,1.7,3.75,1.25,8.0,1.08,1.8,1.95
lAEZ06Li,2024-12-29,12:30,PORTUGAL - LIGA PORTUGAL 2,2024/2025,RODADA 16,Marítimo,Oliveirense,1.5,4.2,5.75,1.36,3.0,1.04,13.0,1.25,3.75,1.83,2.03,3.0,1.36,6.0,1.13,1.91,1.8
hMu3G4H5,2024-12-29,14:00,ITÁLIA - SERIE A,2024/2025,RODADA 18,Juventus,Fiorentina,1.95,3.5,3.9,1.44,2.63,1.07,9.0,1.36,3.2,2.1,1.73,4.0,1.25,8.0,1.08,1.95,1.8
Iy14u086,2024-12-29,15:00,PORTUGAL - LIGA PORTUGAL,2024/2025,RODADA 16,Braga,Casa Pia,1.42,4.5,7.5,1.36,3.0,1.04,13.0,1.25,3.75,1.83,2.03,3.0,1.36,6.0,1.13,2.05,1.7
foxKCMGU,2024-12-29,16:45,ITÁLIA - SERIE A,2024/2025,RODADA 18,AC Milan,AS Roma,2.1,3.4,3.4,1.4,2.75,1.05,11.0,1.29,3.75,1.92,1.98,3.2,1.36,6.0,1.13,1.7,2.05
thRumiAF,2024-12-29,17:30,PORTUGAL - LIGA PORTUGAL,2024/2025,RODADA 16,Sporting,Benfica,2.5,3.6,2.6,1.33,3.25,1.03,15.0,1.2,4.33,1.67,2.15,2.63,1.44,5.0,1.17,1.57,2.25
OtlnKnIt,2024-12-30,14:30,ITÁLIA - SERIE A,2024/2025,RODADA 18,Como,Lecce,1.7,3.6,5.0,1.44,2.63,1.07,9.0,1.33,3.4,2.0,1.8,3.75,1.29,7.0,1.1,1.95,1.8
S07zFit1,2024-12-30,16:45,ITÁLIA - SERIE A,2024/2025,RODADA 18,Bologna,Verona,1.5,4.1,6.5,1.4,2.75,1.06,10.0,1.3,3.5,2.02,1.88,3.5,1.3,6.5,1.11,2.05,1.7
lW5AxSoI,2024-12-30,16:45,IRLANDA DO NORTE - PREMIERSHIP,2024/2025,RODADA 24,Ballymena,Glenavon,1.95,3.48,3.55,1.38,2.9,1.01,9.0,1.25,3.28,1.86,1.86,3.04,1.29,5.65,1.08,1.71,2.08
rXNrKJVj,2024-12-30,16:45,IRLANDA DO NORTE - PREMIERSHIP,2024/2025,RODADA 24,C. Rangers,Crusaders,3.05,3.38,2.18,1.37,2.94,1.02,8.0,1.25,3.28,1.81,1.9,2.83,1.33,5.0,1.1,1.66,2.16
AwGUsNNc,2024-12-30,16:45,IRLANDA DO NORTE - PREMIERSHIP,2024/2025,RODADA 24,Cliftonville,Dungannon,1.64,3.9,4.64,1.33,3.14,,,1.19,3.8,1.7,2.04,2.66,1.37,4.75,1.12,1.7,2.1
Wh4wt1hA,2024-12-30,16:45,IRLANDA DO NORTE - PREMIERSHIP,2024/2025,RODADA 24,Linfield,Larne,1.74,3.52,4.47,1.42,2.73,1.02,8.1,1.3,2.97,2.01,1.72,3.42,1.23,6.55,1.05,1.9,1.86
4YzVQ0gD,2024-12-30,17:15,PORTUGAL - LIGA PORTUGAL,2024/2025,RODADA 16,Famalicão,Santa Clara,2.75,2.9,2.88,1.62,2.2,1.13,6.0,1.57,2.25,2.88,1.4,6.0,1.13,15.0,1.03,2.2,1.62
rqGHotQc,2024-12-31,05:00,AUSTRÁLIA - A-LEAGUE,2024/2025,RODADA 11,Central Coast Mariners,Melbourne City,2.8,3.75,2.25,1.3,3.4,1.03,17.0,1.2,4.5,1.62,2.3,2.5,1.53,4.5,1.2,1.53,2.38
0S6BZVak,2024-12-31,12:00,ESCÓCIA - CHAMPIONSHIP,2024/2025,RODADA 15,Morton,Partick,3.4,3.75,1.91,1.4,2.75,1.05,8.5,1.3,3.4,2.03,1.83,3.5,1.29,6.5,1.1,1.83,1.83
KGLkEvmf,2024-12-31,14:30,ISRAEL - LIGAT HA'AL,2024/2025,RODADA 16,Ironi Tiberias,Kiryat Shmona,2.7,3.1,2.57,1.4,2.75,1.08,6.6,1.35,2.95,2.02,1.7,3.45,1.27,6.0,1.09,1.78,1.93
EFEbCIH6,2024-12-31,15:00,ISRAEL - LIGAT HA'AL,2024/2025,RODADA 16,Ashdod,Sakhnin,2.47,3.05,2.85,1.4,2.72,1.08,6.6,1.36,2.92,2.05,1.7,3.45,1.27,6.0,1.09,1.78,1.93
6XiIqlVj,2025-01-01,01:00,AUSTRÁLIA - A-LEAGUE,2024/2025,RODADA 11,Auckland FC,Melbourne Victory,2.25,3.7,2.8,1.36,3.0,1.04,13.0,1.25,4.0,1.8,2.0,3.0,1.4,5.5,1.14,1.67,2.1
2oWIqKfA,2025-01-01,04:00,AUSTRÁLIA - A-LEAGUE,2024/2025,RODADA 11,WS Wanderers,Macarthur FC,2.3,3.75,2.75,1.25,3.75,1.02,21.0,1.13,6.0,1.44,2.75,2.1,1.73,3.5,1.3,1.4,2.75
KCZ47iNc,2025-01-03,03:00,AUSTRÁLIA - A-LEAGUE,2024/2025,RODADA 12,Melbourne City,Wellington Phoenix,1.67,4.5,4.0,1.25,3.75,1.02,19.0,1.17,5.0,1.53,2.5,2.3,1.62,4.0,1.25,1.57,2.25
2cWJ3XH5,2025-01-03,16:00,FRANÇA - LIGUE 2,2024/2025,RODADA 17,AC Ajaccio,Annecy,2.75,3.0,2.6,1.53,2.38,1.1,7.0,1.44,2.63,2.4,1.53,4.5,1.18,11.0,1.05,2.0,1.73
xhpki5so,2025-01-03,16:00,FRANÇA - LIGUE 2,2024/2025,RODADA 17,Amiens SC,Troyes,2.3,3.25,3.0,1.44,2.63,1.06,10.0,1.33,3.25,2.1,1.7,3.75,1.25,8.0,1.08,1.83,1.83
G0dgIWWb,2025-01-03,16:00,FRANÇA - LIGUE 2,2024/2025,RODADA 17,Caen,Clermont,2.1,3.25,3.4,1.44,2.63,1.06,9.5,1.3,3.4,2.05,1.8,3.5,1.29,7.0,1.1,1.8,1.91
dp1J5gmg,2025-01-03,16:00,FRANÇA - LIGUE 2,2024/2025,RODADA 17,Grenoble,Bastia,3.0,3.0,2.38,1.53,2.38,1.1,7.0,1.44,2.63,2.35,1.57,4.5,1.18,11.0,1.05,2.0,1.73
p6X0mCXO,2025-01-03,16:00,FRANÇA - LIGUE 2,2024/2025,RODADA 17,Paris FC,Martigues,1.25,5.5,10.0,1.33,3.25,1.03,15.0,1.22,4.0,1.7,2.1,2.75,1.4,5.0,1.17,2.38,1.53
WxOz0kHU,2025-01-03,16:00,FRANÇA - LIGUE 2,2024/2025,RODADA 17,Rodez,Red Star,1.8,3.75,3.8,1.33,3.25,1.04,13.0,1.22,4.0,1.73,2.08,2.75,1.4,5.5,1.14,1.67,2.1
naL2UPCm,2025-01-03,17:00,FRANÇA - LIGUE 1,2024/2025,RODADA 16,Nice,Rennes,2.2,3.3,3.25,1.4,2.75,1.06,10.0,1.3,3.5,2.03,1.87,3.4,1.33,6.5,1.11,1.75,2.0
zHmSVfun,2025-01-03,17:00,ESPANHA - LALIGA,2024/2025,RODADA 12,Valencia,Real Madrid,6.5,4.75,1.42,1.36,3.0,1.04,12.0,1.25,4.0,1.8,2.0,3.0,1.4,5.5,1.14,2.0,1.75
ANZR1BnI,2025-01-04,10:00,FRANÇA - LIGUE 2,2024/2025,RODADA 17,Guingamp,Dunkerque,1.91,3.6,3.6,1.4,2.75,1.05,11.0,1.29,3.5,1.98,1.88,3.4,1.3,6.5,1.11,1.8,1.91
OW2B7FIt,2025-01-04,10:00,FRANÇA - LIGUE 2,2024/2025,RODADA 17,Metz,Pau,1.75,3.4,4.5,1.44,2.63,1.07,9.0,1.33,3.25,2.08,1.73,3.75,1.25,8.0,1.08,1.91,1.8
YewhqAG6,2025-01-04,12:00,GRÉCIA - SUPERLIGA,2024/2025,RODADA 17,Athens Kallithea,Lamia,2.1,3.25,3.75,1.5,2.5,1.08,8.0,1.4,2.75,2.25,1.62,4.33,1.2,10.0,1.06,2.0,1.75
xU1KHnTs,2025-01-04,13:00,FRANÇA - LIGUE 1,2024/2025,RODADA 16,St. Etienne,Reims,3.4,3.3,2.15,1.4,2.75,1.06,10.0,1.29,3.75,1.98,1.92,3.4,1.33,6.0,1.13,1.7,2.05
vgbyE4S6,2025-01-04,15:00,FRANÇA - LIGUE 1,2024/2025,RODADA 16,Lille,Nantes,1.57,4.33,5.25,1.4,2.75,1.05,11.0,1.33,3.4,2.05,1.85,3.5,1.3,7.0,1.1,2.0,1.75
lEf1GA1B,2025-01-04,16:00,FRANÇA - LIGUE 2,2024/2025,RODADA 17,Laval,Lorient,4.33,3.5,1.75,1.4,2.75,1.05,11.0,1.29,3.5,1.93,1.93,3.25,1.33,6.5,1.11,1.8,1.91
QkY1a5DD,2025-01-04,17:00,FRANÇA - LIGUE 1,2024/2025,RODADA 16,Lyon,Montpellier,1.36,5.0,7.5,1.22,4.0,1.02,21.0,1.11,6.5,1.4,3.0,2.0,1.8,3.2,1.36,1.62,2.2
bcDQc9Va,2025-01-05,10:00,GRÉCIA - SUPERLIGA,2024/2025,RODADA 17,Levadiakos,Panserraikos,2.15,3.3,3.5,1.36,3.0,1.05,11.0,1.22,4.0,1.83,2.03,3.0,1.36,5.5,1.14,1.67,2.1
YeeTFQcf,2025-01-05,11:00,FRANÇA - LIGUE 1,2024/2025,RODADA 16,Angers,Brest,3.1,3.2,2.3,1.44,2.63,1.07,9.0,1.36,3.2,2.1,1.73,4.0,1.25,8.0,1.08,1.8,1.95
tbGlN85K,2025-01-05,11:00,FRANÇA - LIGUE 1,2024/2025,RODADA 16,Lens,Toulouse,1.9,3.4,4.2,1.4,2.75,1.06,10.0,1.3,3.5,2.01,1.89,3.4,1.33,6.5,1.11,1.8,1.95
SEvWZokQ,2025-01-05,11:00,FRANÇA - LIGUE 1,2024/2025,RODADA 16,Strasbourg,Auxerre,1.95,3.5,3.8,1.33,3.25,1.04,13.0,1.22,4.33,1.73,2.1,2.75,1.44,5.0,1.17,1.62,2.2
69y0sloJ,2025-01-05,11:30,GRÉCIA - SUPERLIGA,2024/2025,RODADA 17,Aris,OFI Crete,1.62,3.75,6.0,1.4,2.75,1.06,9.5,1.29,3.5,2.0,1.85,3.4,1.3,7.0,1.1,1.95,1.8
xrPHaV0m,2025-01-05,12:00,GRÉCIA - SUPERLIGA,2024/2025,RODADA 17,Volos,AEK,15.0,6.0,1.22,1.29,3.5,1.04,13.0,1.17,5.0,1.57,2.35,2.38,1.53,4.33,1.2,2.25,1.57
MHJn5iwQ,2025-01-05,14:30,GRÉCIA - SUPERLIGA,2024/2025,RODADA 17,Atromitos,Asteras T.,2.05,3.25,3.9,1.5,2.5,1.08,8.0,1.36,3.0,2.15,1.67,4.0,1.22,9.0,1.07,1.95,1.8
6NGYem0C,2025-01-05,15:30,GRÉCIA - SUPERLIGA,2024/2025,RODADA 17,Panathinaikos,PAOK,2.45,3.2,3.0,1.5,2.5,1.08,8.0,1.4,2.75,2.25,1.62,4.0,1.22,9.0,1.07,1.95,1.8
08npCrcJ,2025-01-05,16:45,FRANÇA - LIGUE 1,2024/2025,RODADA 16,Marseille,Le Havre,1.33,5.5,8.0,1.33,3.25,1.03,15.0,1.22,4.33,1.73,2.1,2.75,1.44,5.0,1.17,2.1,1.67
0OY6wupo,2025-01-06,13:00,GRÉCIA - SUPERLIGA,2024/2025,RODADA 17,Panetolikos,Olympiacos,6.5,4.33,1.48,1.44,2.63,1.07,9.0,1.33,3.25,2.05,1.75,3.75,1.25,8.0,1.08,2.2,1.62
CtwKjz1M,2025-01-07,17:30,ESPANHA - LALIGA2,2024/2025,RODADA 14,Tenerife,Levante,2.9,2.88,2.55,1.5,2.5,1.08,7.5,1.4,2.75,2.25,1.62,4.0,1.22,10.0,1.06,1.83,1.83
vFZBQsCC,2025-01-10,15:00,FRANÇA - LIGUE 1,2024/2025,RODADA 17,Nantes,Monaco,3.9,3.6,1.85,1.36,3.0,1.04,12.0,1.25,4.0,1.85,2.05,3.0,1.4,5.5,1.14,1.7,2.05
YZkqAjno,2025-01-10,16:00,PAÍSES BAIXOS - EREDIVISIE,2024/2025,RODADA 18,Sittard,G.A. Eagles,3.1,3.3,2.25,1.36,3.0,1.05,11.0,1.25,3.75,1.85,2.0,3.0,1.36,6.0,1.13,1.67,2.1
rmIcejs0,2025-01-10,16:00,PAÍSES BAIXOS - EERSTE DIVISIE,2024/2025,RODADA 21,Den Bosch,Jong Utrecht,1.67,3.75,5.0,1.33,3.25,1.04,13.0,1.2,4.33,1.67,2.15,2.63,1.44,5.0,1.17,1.67,2.1
pxtWixh5,2025-01-10,16:00,PAÍSES BAIXOS - EERSTE DIVISIE,2024/2025,RODADA 21,Eindhoven,FC Volendam,2.8,3.7,2.3,1.29,3.5,1.03,17.0,1.17,5.0,1.57,2.35,2.38,1.53,4.0,1.22,1.5,2.5
xjFkcCCm,2025-01-10,16:00,PAÍSES BAIXOS - EERSTE DIVISIE,2024/2025,RODADA 21,Excelsior,Dordrecht,1.73,3.9,4.33,1.29,3.5,1.03,17.0,1.14,5.5,1.53,2.4,2.25,1.57,4.0,1.22,1.53,2.38
I5YI2YlQ,2025-01-10,16:00,PAÍSES BAIXOS - EERSTE DIVISIE,2024/2025,RODADA 21,Graafschap,Den Haag,2.2,3.9,2.8,1.29,3.5,1.03,17.0,1.17,5.0,1.57,2.35,2.38,1.53,4.0,1.22,1.5,2.5
QZPUgbNh,2025-01-10,16:00,PAÍSES BAIXOS - EERSTE DIVISIE,2024/2025,RODADA 21,Oss,Maastricht,2.4,3.5,2.8,1.3,3.4,1.03,15.0,1.17,5.0,1.6,2.3,2.38,1.53,4.33,1.2,1.5,2.5
CS9Ei8tP,2025-01-10,16:00,PAÍSES BAIXOS - EERSTE DIVISIE,2024/2025,RODADA 21,Roda,Cambuur,2.25,3.6,2.88,1.33,3.25,1.03,15.0,1.2,4.33,1.67,2.15,2.63,1.44,5.0,1.17,1.57,2.25
QJZsWKVo,2025-01-10,16:30,ALEMANHA - BUNDESLIGA,2024/2025,RODADA 16,Dortmund,Leverkusen,2.6,3.6,2.5,1.29,3.5,1.03,15.0,1.17,5.0,1.57,2.38,2.38,1.57,4.33,1.22,1.5,2.5
prcq5rZb,2025-01-10,16:30,ESPANHA - LALIGA2,2024/2025,RODADA 22,Granada,Burgos,1.73,3.4,4.33,1.44,2.63,1.07,9.0,1.33,3.25,2.08,1.73,3.75,1.25,8.0,1.08,2.0,1.73
pE1q8Zeo,2025-01-10,17:00,FRANÇA - LIGUE 1,2024/2025,RODADA 17,Auxerre,Lille,3.4,3.6,2.0,1.36,3.0,1.04,13.0,1.25,4.0,1.8,2.0,3.0,1.4,5.5,1.14,1.67,2.1
bkarhFGN,2025-01-10,17:00,ESPANHA - LALIGA,2024/2025,RODADA 19,Rayo Vallecano,Celta de Vigo,2.7,3.0,2.8,1.5,2.5,1.08,8.0,1.4,3.0,2.2,1.67,4.0,1.25,9.0,1.07,1.91,1.91
lMCh4gDj,2025-01-10,22:00,MÉXICO - LIGA MX,2024/2025,ENCERRAMENTO ,Querétaro,Club America,3.8,3.7,1.85,1.33,3.25,1.04,13.0,1.22,4.0,1.7,2.1,2.75,1.4,5.0,1.17,1.67,2.1
fJavSd5c,2025-01-11,00:00,MÉXICO - LIGA MX,2024/2025,ENCERRAMENTO ,Mazatlan FC,Juarez,2.0,3.3,3.7,1.33,3.25,1.04,12.0,1.22,4.0,1.73,2.08,2.63,1.44,5.5,1.14,1.62,2.2
jogmQzzA,2025-01-11,00:00,MÉXICO - LIGA MX,2024/2025,ENCERRAMENTO ,Tijuana,Toluca,2.75,3.1,2.63,1.3,3.4,1.04,13.0,1.17,5.0,1.62,2.25,2.5,1.5,4.5,1.18,1.5,2.5
drfKcJnn,2025-01-11,10:00,ESPANHA - LALIGA,2024/2025,RODADA 19,Alavés,Girona,2.75,3.1,2.7,1.44,2.63,1.07,9.0,1.36,3.2,2.1,1.73,4.0,1.25,8.0,1.08,1.8,1.95
h80i3M3B,2025-01-11,10:00,ESPANHA - LALIGA2,2024/2025,RODADA 22,Ferrol,Cartagena,1.8,3.2,4.75,1.57,2.25,1.11,6.5,1.5,2.5,2.5,1.5,5.0,1.17,11.0,1.05,2.25,1.57
tGP6QGaN,2025-01-11,11:30,ALEMANHA - BUNDESLIGA,2024/2025,RODADA 16,Freiburg,Kiel,1.38,4.75,7.5,1.29,3.5,1.03,15.0,1.17,5.0,1.57,2.38,2.38,1.57,4.33,1.22,1.8,1.95
82RbSxVA,2025-01-11,11:30,ALEMANHA - BUNDESLIGA,2024/2025,RODADA 16,Heidenheim,Union Berlin,2.9,3.3,2.35,1.44,2.63,1.07,9.0,1.36,3.2,2.1,1.73,4.0,1.25,8.0,1.08,1.8,1.95
CzYkUb0b,2025-01-11,11:30,ALEMANHA - BUNDESLIGA,2024/2025,RODADA 16,Hoffenheim,Wolfsburg,2.35,3.5,2.8,1.3,3.4,1.03,15.0,1.2,4.5,1.62,2.3,2.5,1.53,4.5,1.2,1.53,2.38
ClDOrbFi,2025-01-11,11:30,ALEMANHA - BUNDESLIGA,2024/2025,RODADA 16,Mainz,Bochum,1.48,4.5,5.5,1.3,3.4,1.03,15.0,1.2,4.5,1.62,2.3,2.63,1.5,4.5,1.2,1.8,1.95
tU4uuGEG,2025-01-11,11:30,ALEMANHA - BUNDESLIGA,2024/2025,RODADA 16,St. Pauli,Frankfurt,3.3,3.5,2.1,1.33,3.25,1.05,11.0,1.25,4.0,1.8,2.0,3.0,1.4,5.0,1.17,1.62,2.2
QNoyfynB,2025-01-11,12:15,ESPANHA - LALIGA,2024/2025,RODADA 19,Valladolid,Bétis,4.2,3.6,1.83,1.4,2.75,1.06,10.0,1.3,3.5,2.02,1.88,3.4,1.33,6.5,1.11,1.91,1.91
hE31fRKt,2025-01-11,12:15,ESPANHA - LALIGA2,2024/2025,RODADA 22,Albacete,Racing Santander,2.35,3.3,2.8,1.4,2.75,1.06,10.0,1.29,3.5,1.98,1.88,3.4,1.3,6.5,1.11,1.73,2.0
E1DPlNlI,2025-01-11,12:15,ESPANHA - LALIGA2,2024/2025,RODADA 22,Huesca,Mirandes,2.15,2.88,3.75,1.62,2.2,1.13,6.0,1.53,2.38,2.7,1.44,5.5,1.14,13.0,1.04,2.2,1.62
lrYVXgvh,2025-01-11,12:30,PAÍSES BAIXOS - EREDIVISIE,2024/2025,RODADA 18,Heracles,Sparta Rotterdam,2.75,3.4,2.5,1.36,3.0,1.04,13.0,1.22,4.0,1.8,2.0,2.75,1.4,5.5,1.14,1.62,2.2
4266gUBC,2025-01-11,12:30,PAÍSES BAIXOS - EERSTE DIVISIE,2024/2025,RODADA 21,Helmond,FC Emmen,2.63,3.7,2.4,1.29,3.5,1.03,17.0,1.17,5.0,1.57,2.35,2.38,1.53,4.0,1.22,1.5,2.5
Y31Xtxp4,2025-01-11,14:30,ALEMANHA - BUNDESLIGA,2024/2025,RODADA 16,Monchengladbach,Bayern,6.25,5.25,1.4,1.2,4.33,1.01,26.0,1.1,7.0,1.33,3.4,1.91,1.91,3.0,1.4,1.5,2.5
zRK5hKWA,2025-01-11,14:30,ESPANHA - LALIGA,2024/2025,RODADA 19,Espanyol,Leganés,2.05,3.1,4.0,1.62,2.2,1.13,6.0,1.57,2.38,2.75,1.44,5.5,1.14,13.0,1.04,2.25,1.57
p6uWevdo,2025-01-11,14:30,ESPANHA - LALIGA2,2024/2025,RODADA 22,Málaga,La Coruña,2.45,3.1,2.88,1.5,2.5,1.08,8.0,1.36,3.0,2.15,1.67,4.0,1.22,9.0,1.07,1.83,1.83
ENl010YN,2025-01-11,14:30,ESPANHA - LALIGA2,2024/2025,RODADA 22,Tenerife,Castellón,2.35,3.25,2.88,1.5,2.5,1.08,8.0,1.4,2.75,2.2,1.65,4.0,1.22,9.0,1.07,1.91,1.8
vDEmLGfn,2025-01-11,14:45,PAÍSES BAIXOS - EREDIVISIE,2024/2025,RODADA 18,Ajax,Waalwijk,1.11,9.5,17.0,1.17,5.0,1.01,29.0,1.07,9.0,1.25,4.0,1.67,2.1,2.5,1.5,1.95,1.8
Kpu2c0yH,2025-01-11,15:30,GRÉCIA - SUPERLIGA,2024/2025,RODADA 18,Olympiacos,Aris,1.42,4.2,9.5,1.36,3.0,1.06,10.0,1.25,3.75,1.88,1.98,3.25,1.33,6.0,1.13,2.05,1.7
S81vUBwH,2025-01-11,16:00,PAÍSES BAIXOS - EREDIVISIE,2024/2025,RODADA 18,Zwolle,Nijmegen,2.63,3.4,2.6,1.36,3.0,1.05,11.0,1.25,3.75,1.85,2.0,3.0,1.36,6.0,1.13,1.62,2.2
Y7TBB3Nk,2025-01-11,17:00,PAÍSES BAIXOS - EREDIVISIE,2024/2025,RODADA 18,PSV,Alkmaar,1.42,5.25,6.25,1.25,3.75,1.02,21.0,1.13,6.0,1.44,2.7,2.1,1.67,3.5,1.29,1.67,2.1
r1m8j2uJ,2025-01-11,17:00,ESPANHA - LALIGA,2024/2025,RODADA 19,Sevilla,Valencia,2.0,3.2,4.0,1.53,2.38,1.1,7.0,1.5,2.63,2.5,1.53,5.0,1.17,11.0,1.05,2.1,1.67
AT6Yn1JU,2025-01-11,17:00,ESPANHA - LALIGA2,2024/2025,RODADA 22,R. Oviedo,Sporting Gijón,1.95,3.2,4.0,1.53,2.38,1.1,7.0,1.44,2.63,2.35,1.57,4.5,1.18,11.0,1.05,2.1,1.67
ObieOE4M,2025-01-11,20:00,MÉXICO - LIGA MX,2024/2025,ENCERRAMENTO ,Atlético San Luis,Tigres,2.7,3.3,2.6,1.4,2.75,1.06,10.0,1.29,3.5,2.0,1.85,3.4,1.3,7.0,1.1,1.75,2.0
rqYRIhSq,2025-01-11,22:00,MÉXICO - LIGA MX,2024/2025,ENCERRAMENTO ,Monterrey,Puebla,1.4,4.33,8.5,1.25,3.75,1.03,17.0,1.14,5.5,1.48,2.6,2.1,1.67,3.75,1.25,1.67,2.1
zijZGWdd,2025-01-11,22:05,MÉXICO - LIGA MX,2024/2025,ENCERRAMENTO ,Guadalajara,Santos Laguna,1.4,4.2,9.0,1.33,3.25,1.05,11.0,1.22,4.0,1.75,2.05,2.75,1.4,5.5,1.14,1.95,1.8
GnTLvzk3,2025-01-12,00:00,MÉXICO - LIGA MX,2024/2025,ENCERRAMENTO ,Cruz Azul,Atlas,1.4,4.33,8.0,1.25,3.75,1.03,15.0,1.14,5.5,1.53,2.4,2.25,1.57,4.0,1.22,1.75,2.0
txB4HYgB,2025-01-12,08:15,PAÍSES BAIXOS - EREDIVISIE,2024/2025,RODADA 18,Twente,Willem II,1.36,5.0,8.0,1.3,3.4,1.03,15.0,1.18,4.5,1.62,2.25,2.5,1.5,4.5,1.18,1.95,1.8
hMRMeKht,2025-01-12,08:15,PAÍSES BAIXOS - EERSTE DIVISIE,2024/2025,RODADA 21,Telstar,Jong PSV,1.73,3.8,4.5,1.29,3.5,1.03,17.0,1.17,5.0,1.57,2.35,2.38,1.53,4.0,1.22,1.57,2.25
IZuFngvo,2025-01-12,10:00,ESPANHA - LALIGA,2024/2025,RODADA 19,Las Palmas,Getafe,2.38,3.0,3.25,1.57,2.25,1.11,6.5,1.5,2.63,2.63,1.5,5.0,1.17,11.0,1.05,2.05,1.7
Qusr744n,2025-01-12,10:00,ESPANHA - LALIGA2,2024/2025,RODADA 22,Córdoba,Almería,3.0,3.4,2.2,1.33,3.25,1.04,13.0,1.22,4.0,1.73,2.08,2.75,1.4,5.5,1.14,1.57,2.25
2iaDFCON,2025-01-12,10:30,PAÍSES BAIXOS - EREDIVISIE,2024/2025,RODADA 18,Feyenoord,Utrecht,1.48,4.5,5.75,1.29,3.5,1.03,17.0,1.17,5.0,1.57,2.35,2.38,1.53,4.33,1.2,1.7,2.05
zu8dJfPb,2025-01-12,10:30,PAÍSES BAIXOS - EREDIVISIE,2024/2025,RODADA 18,Groningen,Almere City,1.75,3.75,4.5,1.44,2.63,1.06,10.0,1.33,3.25,2.05,1.8,3.5,1.29,7.0,1.1,1.95,1.8
QZBNZxNU,2025-01-12,11:30,ALEMANHA - BUNDESLIGA,2024/2025,RODADA 16,RB Leipzig,Bremen,1.6,4.2,4.75,1.25,3.75,1.03,17.0,1.14,5.5,1.5,2.63,2.2,1.67,4.0,1.25,1.53,2.38
CrKtjITj,2025-01-12,11:30,GRÉCIA - SUPERLIGA,2024/2025,RODADA 18,Panserraikos,Panathinaikos,8.0,4.33,1.44,1.4,2.75,1.06,9.5,1.29,3.5,2.0,1.85,3.4,1.3,7.0,1.1,2.2,1.62
by0yCajA,2025-01-12,12:00,GRÉCIA - SUPERLIGA,2024/2025,RODADA 18,Lamia,Atromitos,3.2,3.2,2.35,1.5,2.5,1.08,7.5,1.4,2.75,2.3,1.6,4.33,1.2,10.0,1.06,1.95,1.8
Gldifptf,2025-01-12,12:15,ESPANHA - LALIGA,2024/2025,RODADA 19,Atl. Madrid,Osasuna,1.33,5.0,8.5,1.36,3.0,1.05,11.0,1.29,3.75,1.92,1.98,3.4,1.33,6.0,1.13,2.25,1.57
pML8h5kg,2025-01-12,12:15,ESPANHA - LALIGA2,2024/2025,RODADA 22,Cádiz,Levante,2.6,2.88,2.88,1.53,2.38,1.1,7.0,1.4,2.75,2.35,1.57,4.33,1.2,10.0,1.06,1.91,1.8
MeWwWX84,2025-01-12,12:45,PAÍSES BAIXOS - EREDIVISIE,2024/2025,RODADA 18,Breda,Heerenveen,2.15,3.5,3.2,1.36,3.0,1.04,12.0,1.25,3.75,1.85,2.0,3.0,1.36,6.0,1.13,1.7,2.05
h2qvjGMH,2025-01-12,12:45,PAÍSES BAIXOS - EERSTE DIVISIE,2024/2025,RODADA 21,Vitesse,Venlo,2.3,3.7,2.8,1.3,3.4,1.03,15.0,1.18,4.5,1.62,2.25,2.5,1.5,4.33,1.2,1.53,2.38
006wLfNp,2025-01-12,13:30,ALEMANHA - BUNDESLIGA,2024/2025,RODADA 16,Augsburg,Stuttgart,3.2,3.6,2.1,1.3,3.4,1.03,15.0,1.2,4.5,1.62,2.3,2.5,1.53,4.5,1.2,1.53,2.38
OCWTxEJF,2025-01-12,15:00,MÉXICO - LIGA MX,2024/2025,ENCERRAMENTO ,U.N.A.M.,Necaxa,1.73,3.5,5.0,1.4,2.75,1.06,10.0,1.25,3.75,1.9,1.95,3.25,1.33,6.0,1.13,1.8,1.95
EHXnlfiU,2025-01-13,16:00,PAÍSES BAIXOS - EERSTE DIVISIE,2024/2025,RODADA 21,Jong AZ,Jong Ajax,2.25,3.7,2.88,1.29,3.5,1.03,17.0,1.17,5.0,1.57,2.35,2.38,1.53,4.0,1.22,1.5,2.5
Amk0hOA6,2025-01-13,17:00,ESPANHA - LALIGA,2024/2025,RODADA 19,Real Sociedad,Villarreal,1.73,3.7,4.75,1.4,2.75,1.06,10.0,1.3,3.5,1.99,1.91,3.4,1.33,6.5,1.11,1.91,1.91
fg6k6hDF,2025-01-14,14:30,ALEMANHA - BUNDESLIGA,2024/2025,RODADA 17,Kiel,Dortmund,5.25,4.75,1.5,1.22,4.0,1.02,19.0,1.13,6.0,1.44,2.75,2.1,1.73,3.5,1.3,1.53,2.38
W2eEzcT7,2025-01-17,14:30,ALEMANHA - 2. BUNDESLIGA,2024/2025,RODADA 18,Dusseldorf,Darmstadt,2.2,3.5,2.7,1.29,3.5,1.03,17.0,1.17,5.0,1.57,2.35,2.38,1.53,4.0,1.22,1.5,2.5
OC8F3ecf,2025-01-17,14:30,ALEMANHA - 2. BUNDESLIGA,2024/2025,RODADA 18,Regensburg,Hannover,3.75,3.8,1.7,1.36,3.0,1.04,12.0,1.25,3.75,1.85,2.0,3.25,1.33,6.0,1.13,1.8,1.91
MsJDjb1N,2025-01-17,17:00,ESPANHA - LALIGA,2024/2025,RODADA 20,Espanyol,Valladolid,1.9,3.3,4.2,1.5,2.5,1.08,8.0,1.4,3.0,2.3,1.62,4.33,1.22,9.0,1.07,2.0,1.75
bVOzBw5K,2025-01-18,09:00,ALEMANHA - 2. BUNDESLIGA,2024/2025,RODADA 18,Braunschweig,Schalke,2.88,3.75,2.0,1.29,3.5,1.02,19.0,1.17,5.0,1.53,2.4,2.25,1.57,4.0,1.22,1.5,2.5
IZolmzDD,2025-01-18,09:00,ALEMANHA - 2. BUNDESLIGA,2024/2025,RODADA 18,Kaiserslautern,Ulm,1.85,3.7,3.3,1.36,3.0,1.04,13.0,1.25,3.75,1.83,2.03,3.0,1.36,6.0,1.13,1.73,2.0
UDF65HSs,2025-01-18,09:00,ALEMANHA - 2. BUNDESLIGA,2024/2025,RODADA 18,Munster,Furth,2.25,3.5,2.6,1.3,3.4,1.03,15.0,1.18,4.5,1.62,2.25,2.5,1.5,4.33,1.2,1.53,2.38
hjgEvLzH,2025-01-18,14:00,SUÍÇA - SUPERLIGA,2024/2025,RODADA 19,Sion,Grasshoppers,1.75,3.5,4.5,1.44,2.63,1.07,9.0,1.33,3.25,2.05,1.75,3.75,1.25,8.0,1.08,1.91,1.8
lInNxa5T,2025-01-18,14:00,SUÍÇA - SUPERLIGA,2024/2025,RODADA 19,Young Boys,Winterthur,1.42,4.2,8.0,1.3,3.4,1.04,13.0,1.18,4.5,1.62,2.25,2.5,1.5,4.5,1.18,1.8,1.91
b9m0b0LE,2025-01-18,16:30,ALEMANHA - 2. BUNDESLIGA,2024/2025,RODADA 18,Hamburger SV,Köln,2.2,3.6,2.7,1.29,3.5,1.03,17.0,1.17,5.0,1.53,2.4,2.25,1.57,4.0,1.22,1.5,2.5
KOu7ts64,2025-01-18,16:30,SUÍÇA - SUPERLIGA,2024/2025,RODADA 19,Servette,St. Gallen,2.0,3.4,3.7,1.3,3.4,1.03,15.0,1.18,4.5,1.65,2.2,2.5,1.5,4.5,1.18,1.53,2.38
j7SviIDl,2025-01-19,09:30,ALEMANHA - 2. BUNDESLIGA,2024/2025,RODADA 18,Elversberg,Magdeburg,1.91,3.6,3.2,1.3,3.4,1.03,17.0,1.18,4.5,1.6,2.3,2.5,1.5,4.33,1.2,1.53,2.38
A9rtkdr1,2025-01-19,09:30,ALEMANHA - 2. BUNDESLIGA,2024/2025,RODADA 18,Nurnberg,Karlsruher,2.15,3.6,2.7,1.29,3.5,1.02,19.0,1.14,5.5,1.53,2.4,2.25,1.57,4.0,1.22,1.5,2.5
fys9dvjR,2025-01-19,09:30,ALEMANHA - 2. BUNDESLIGA,2024/2025,RODADA 18,Paderborn,Hertha,1.91,3.6,3.2,1.29,3.5,1.03,17.0,1.17,5.0,1.57,2.35,2.38,1.53,4.33,1.2,1.53,2.38
plYhXxTj,2025-01-19,10:15,SUÍÇA - SUPERLIGA,2024/2025,RODADA 19,Zurich,Yverdon,1.53,4.33,5.5,1.4,2.75,1.06,10.0,1.3,3.4,2.0,1.85,3.5,1.29,7.0,1.1,2.1,1.67
W2aCKaqo,2025-01-19,12:30,SUÍÇA - SUPERLIGA,2024/2025,RODADA 19,Lausanne,Luzern,2.1,3.4,3.2,1.29,3.5,1.03,17.0,1.14,5.5,1.53,2.4,2.25,1.57,4.0,1.22,1.44,2.63
b9ibr3yh,2025-01-19,12:30,SUÍÇA - SUPERLIGA,2024/2025,RODADA 19,Lugano,Basel,1.95,3.5,3.6,1.29,3.5,1.03,17.0,1.14,5.5,1.53,2.4,2.25,1.57,4.0,1.22,1.5,2.5
Y5I8API7,2025-01-19,13:00,ROMÊNIA - SUPERLIGA,2024/2025,RODADA 22,Botosani,CFR Cluj,3.97,3.15,1.97,,,,,,,,,,,,,,
QgfZQp3l,2025-01-19,13:00,ROMÊNIA - SUPERLIGA,2024/2025,RODADA 22,Univ. Craiova,Din. Bucuresti,1.94,3.35,3.86,,,,,,,,,,,,,,
tMI2W6uR,2025-01-20,13:00,ROMÊNIA - SUPERLIGA,2024/2025,RODADA 22,Farul Constanta,UTA Arad,1.9,3.2,4.3,,,,,,,,,,,,,,
UoijN22D,2025-01-20,13:00,ROMÊNIA - SUPERLIGA,2024/2025,RODADA 22,Rapid Bucuresti,Poli Iasi,1.67,3.5,5.18,,,,,,,,,,,,,,
ribb93M5,2025-02-01,13:00,ESLOVÊNIA - PRVA LIGA,2024/2025,RODADA 19,Celje,Bravo,2.02,3.4,3.43,1.36,3.0,1.02,11.0,1.25,3.75,1.8,2.0,3.0,1.36,5.0,1.14,1.67,2.15
46n77siI,2025-02-01,13:00,ESLOVÊNIA - PRVA LIGA,2024/2025,RODADA 19,Maribor,Domzale,1.13,6.25,23.0,1.3,3.4,1.02,11.0,1.2,4.33,1.67,2.15,2.63,1.44,4.5,1.17,3.25,1.32
jNpF5LLU,2025-02-01,13:00,ESLOVÊNIA - PRVA LIGA,2024/2025,RODADA 19,Mura,Nafta,1.39,4.1,9.05,1.4,2.75,1.04,9.0,1.29,3.5,1.95,1.85,3.4,1.3,6.0,1.11,2.25,1.61
4U0V7B2b,2025-02-01,13:00,ESLOVÊNIA - PRVA LIGA,2024/2025,RODADA 19,O. Ljubljana,Primorje,1.41,4.2,7.55,1.4,2.75,1.04,9.0,1.3,3.4,2.0,1.8,3.5,1.29,6.5,1.1,2.25,1.61
WG2N9XXo,2025-02-01,13:00,ESLOVÊNIA - PRVA LIGA,2024/2025,RODADA 19,Radomlje,Koper,4.49,3.5,1.77,1.4,2.75,1.03,9.5,1.3,3.4,2.0,1.8,3.4,1.3,6.5,1.1,1.91,1.85
QcYdLHTi,2025-02-07,16:30,ÁUSTRIA - BUNDESLIGA,2024/2025,RODADA 17,Sturm Graz,Austria Vienna,1.8,3.8,4.0,1.29,3.5,1.03,17.0,1.17,5.0,1.57,2.35,2.38,1.53,4.33,1.2,1.57,2.25
UeEMFDcT,2025-02-08,13:00,ÁUSTRIA - BUNDESLIGA,2024/2025,RODADA 17,Altach,Grazer,2.25,3.6,2.9,1.36,3.0,1.04,12.0,1.25,3.75,1.85,2.0,3.0,1.36,6.0,1.13,1.7,2.05
YTKDHZSG,2025-02-08,13:00,ÁUSTRIA - BUNDESLIGA,2024/2025,RODADA 17,SK Rapid,Wolfsberger,1.62,4.0,5.0,1.33,3.25,1.03,15.0,1.2,4.33,1.67,2.15,2.63,1.44,5.0,1.17,1.7,2.05
QstQr7tm,2025-02-08,13:00,BULGÁRIA - PARVA LIGA,2024/2025,RODADA 20,Arda,Spartak,2.0,3.2,3.9,1.53,2.38,1.1,7.0,1.44,2.63,2.4,1.53,4.5,1.18,11.0,1.05,2.1,1.67
tz09rwV6,2025-02-08,13:00,BULGÁRIA - PARVA LIGA,2024/2025,RODADA 20,Beroe,Krumovgrad,1.73,3.5,5.0,1.53,2.38,1.08,7.5,1.44,2.63,2.35,1.57,4.5,1.18,11.0,1.05,2.25,1.57
fakflTIP,2025-02-08,13:00,BULGÁRIA - PARVA LIGA,2024/2025,RODADA 20,Botev,Hebar,1.25,6.0,10.0,1.33,3.25,1.04,12.0,1.25,3.75,1.75,2.05,3.0,1.36,5.5,1.14,2.5,1.5
p860pa0f,2025-02-08,13:00,BULGÁRIA - PARVA LIGA,2024/2025,RODADA 20,Cherno More,Lok. Plovdiv,1.45,4.2,7.5,1.44,2.63,1.07,8.5,1.36,3.0,2.1,1.7,3.75,1.25,8.0,1.08,2.38,1.53
hARLis8K,2025-02-08,13:00,BULGÁRIA - PARVA LIGA,2024/2025,RODADA 20,CSKA 1948 Sofia,Lok. Sofia,1.53,4.0,6.0,1.44,2.63,1.07,9.0,1.33,3.25,2.05,1.75,3.75,1.25,8.0,1.08,2.2,1.62
EmbHtHaJ,2025-02-08,13:00,BULGÁRIA - PARVA LIGA,2024/2025,RODADA 20,Levski,Ludogorets,3.3,3.25,2.2,1.5,2.5,1.08,7.5,1.4,2.75,2.3,1.6,4.33,1.2,10.0,1.06,2.0,1.73
xr3hnLVs,2025-02-08,13:00,BULGÁRIA - PARVA LIGA,2024/2025,RODADA 20,Septemvri Sofia,Botev Vratsa,2.2,3.0,3.6,1.53,2.38,1.1,7.0,1.44,2.63,2.4,1.53,4.5,1.18,11.0,1.05,2.0,1.73
ncUYtoBa,2025-02-08,13:00,BULGÁRIA - PARVA LIGA,2024/2025,RODADA 20,Slavia Sofia,CSKA Sofia,5.5,3.9,1.6,1.5,2.5,1.08,8.0,1.4,2.75,2.2,1.65,4.0,1.22,9.0,1.07,2.25,1.57
nDM5Jeb4,2025-02-09,10:30,ÁUSTRIA - BUNDESLIGA,2024/2025,RODADA 17,A. Klagenfurt,Red Bull Salzburg,7.0,4.33,1.44,1.29,3.5,1.03,15.0,1.17,5.0,1.57,2.35,2.25,1.57,4.0,1.22,1.7,2.05
QRahAiLj,2025-02-09,10:30,ÁUSTRIA - BUNDESLIGA,2024/2025,RODADA 17,Tirol,Hartberg,3.1,3.5,2.2,1.4,2.75,1.05,11.0,1.29,3.5,1.93,1.93,3.25,1.33,6.5,1.11,1.75,2.0
bitBcEyo,2025-02-09,13:00,ÁUSTRIA - BUNDESLIGA,2024/2025,RODADA 17,LASK,BW Linz,1.75,3.75,4.5,1.33,3.25,1.04,13.0,1.2,4.33,1.67,2.15,2.63,1.44,5.0,1.17,1.67,2.1
fekaSsqg,2025-02-16,11:00,IRLANDA - DIVISÃO PREMIER,2025,RODADA 1,Bohemians,Shamrock Rovers,3.88,3.3,1.85,,,,,,,,,,,,,,
WAHrnBJ6,2025-02-22,13:00,UCRÂNIA - PREMIER LEAGUE,2024/2025,RODADA 18,Dyn. Kiev,Karpaty Lviv,1.3,5.7,9.7,1.3,3.32,,,1.2,4.25,1.66,2.22,2.63,1.48,4.55,1.18,2.14,1.66
ImgFpbr2,2025-02-22,13:00,UCRÂNIA - PREMIER LEAGUE,2024/2025,RODADA 18,Inhulets,Polissya Zhytomyr,5.55,3.7,1.67,1.47,2.57,1.05,8.65,1.41,2.92,2.24,1.65,4.05,1.22,7.95,1.06,2.17,1.64
xlvA2W3m,2025-02-22,13:00,UCRÂNIA - PREMIER LEAGUE,2024/2025,RODADA 18,Kolos Kovalivka,Ch. Odesa,1.92,3.2,4.6,1.59,2.26,1.1,6.35,1.58,2.37,2.77,1.44,5.4,1.13,11.0,1.02,2.39,1.54
hQ5ipklJ,2025-02-22,13:00,UCRÂNIA - PREMIER LEAGUE,2024/2025,RODADA 18,Kryvbas,Veres-Rivne,1.72,3.55,5.35,1.51,2.46,1.06,7.75,1.46,2.72,2.4,1.57,4.45,1.18,8.85,1.05,2.26,1.59
KWcw8htQ,2025-02-22,13:00,UCRÂNIA - PREMIER LEAGUE,2024/2025,RODADA 18,Obolon,Vorskla,2.75,3.07,2.75,1.56,2.34,1.08,6.85,1.53,2.5,2.62,1.49,5.0,1.15,10.0,1.03,2.13,1.67
Yey281z9,2025-02-22,13:00,UCRÂNIA - PREMIER LEAGUE,2024/2025,RODADA 18,Oleksandriya,Zorya,1.97,3.4,4.02,1.49,2.52,1.06,8.15,1.44,2.8,2.32,1.61,4.25,1.2,8.45,1.05,2.06,1.71
OpEzlXlf,2025-02-22,13:00,UCRÂNIA - PREMIER LEAGUE,2024/2025,RODADA 18,Rukh Lviv,LNZ Cherkasy,2.19,3.2,3.56,1.53,2.41,1.07,7.4,1.49,2.63,2.48,1.54,4.65,1.17,9.35,1.04,2.1,1.69
vZZvrOA7,2025-02-22,13:00,UCRÂNIA - PREMIER LEAGUE,2024/2025,RODADA 18,Shakhtar,Livyi Bereg,1.09,10.5,27.0,1.19,4.4,,,1.12,5.7,1.42,2.75,2.08,1.75,3.32,1.3,2.97,1.36
